ID,Class
5,jackhammer
7,jackhammer
8,jackhammer
9,jackhammer
13,jackhammer
14,jackhammer
16,jackhammer
21,jackhammer
23,jackhammer
25,jackhammer
28,jackhammer
29,jackhammer
30,jackhammer
31,jackhammer
34,jackhammer
39,jackhammer
41,jackhammer
51,jackhammer
53,jackhammer
55,jackhammer
58,jackhammer
62,jackhammer
64,jackhammer
69,jackhammer
70,jackhammer
73,jackhammer
75,jackhammer
85,jackhammer
86,jackhammer
89,jackhammer
94,jackhammer
95,jackhammer
96,jackhammer
98,jackhammer
102,jackhammer
106,jackhammer
107,jackhammer
108,jackhammer
109,jackhammer
110,jackhammer
111,jackhammer
112,jackhammer
115,jackhammer
122,jackhammer
124,jackhammer
126,jackhammer
127,jackhammer
129,jackhammer
133,jackhammer
141,jackhammer
143,jackhammer
144,jackhammer
145,jackhammer
147,jackhammer
150,jackhammer
151,jackhammer
154,jackhammer
155,jackhammer
156,jackhammer
157,jackhammer
158,jackhammer
161,jackhammer
166,jackhammer
169,jackhammer
173,jackhammer
177,jackhammer
180,jackhammer
181,jackhammer
183,jackhammer
190,jackhammer
191,jackhammer
194,jackhammer
195,jackhammer
198,jackhammer
199,jackhammer
201,jackhammer
203,jackhammer
204,jackhammer
205,jackhammer
206,jackhammer
207,jackhammer
209,jackhammer
210,jackhammer
220,jackhammer
225,jackhammer
231,jackhammer
234,jackhammer
237,jackhammer
238,jackhammer
240,jackhammer
241,jackhammer
243,jackhammer
244,jackhammer
254,jackhammer
256,jackhammer
257,jackhammer
259,jackhammer
262,jackhammer
265,jackhammer
266,jackhammer
267,jackhammer
273,jackhammer
274,jackhammer
279,jackhammer
281,jackhammer
283,jackhammer
284,jackhammer
287,jackhammer
289,jackhammer
290,jackhammer
291,jackhammer
292,jackhammer
293,jackhammer
294,jackhammer
296,jackhammer
297,jackhammer
298,jackhammer
302,jackhammer
320,jackhammer
321,jackhammer
325,jackhammer
340,jackhammer
341,jackhammer
344,jackhammer
345,jackhammer
362,jackhammer
373,jackhammer
375,jackhammer
379,jackhammer
384,jackhammer
387,jackhammer
389,jackhammer
390,jackhammer
393,jackhammer
398,jackhammer
399,jackhammer
403,jackhammer
404,jackhammer
405,jackhammer
409,jackhammer
415,jackhammer
416,jackhammer
420,jackhammer
421,jackhammer
422,jackhammer
424,jackhammer
431,jackhammer
432,jackhammer
433,jackhammer
434,jackhammer
439,jackhammer
441,jackhammer
443,jackhammer
448,jackhammer
451,jackhammer
458,jackhammer
460,jackhammer
463,jackhammer
465,jackhammer
466,jackhammer
469,jackhammer
476,jackhammer
478,jackhammer
481,jackhammer
483,jackhammer
487,jackhammer
490,jackhammer
492,jackhammer
494,jackhammer
496,jackhammer
499,jackhammer
502,jackhammer
503,jackhammer
504,jackhammer
505,jackhammer
508,jackhammer
510,jackhammer
514,jackhammer
517,jackhammer
518,jackhammer
521,jackhammer
526,jackhammer
529,jackhammer
530,jackhammer
531,jackhammer
535,jackhammer
536,jackhammer
539,jackhammer
541,jackhammer
545,jackhammer
546,jackhammer
548,jackhammer
550,jackhammer
552,jackhammer
553,jackhammer
558,jackhammer
563,jackhammer
574,jackhammer
577,jackhammer
581,jackhammer
582,jackhammer
588,jackhammer
591,jackhammer
592,jackhammer
595,jackhammer
596,jackhammer
601,jackhammer
602,jackhammer
608,jackhammer
609,jackhammer
616,jackhammer
617,jackhammer
618,jackhammer
625,jackhammer
626,jackhammer
627,jackhammer
628,jackhammer
632,jackhammer
634,jackhammer
637,jackhammer
638,jackhammer
640,jackhammer
641,jackhammer
644,jackhammer
647,jackhammer
649,jackhammer
650,jackhammer
653,jackhammer
667,jackhammer
668,jackhammer
672,jackhammer
674,jackhammer
675,jackhammer
678,jackhammer
680,jackhammer
681,jackhammer
682,jackhammer
696,jackhammer
700,jackhammer
701,jackhammer
706,jackhammer
707,jackhammer
708,jackhammer
711,jackhammer
715,jackhammer
718,jackhammer
723,jackhammer
725,jackhammer
731,jackhammer
736,jackhammer
741,jackhammer
743,jackhammer
745,jackhammer
747,jackhammer
756,jackhammer
759,jackhammer
762,jackhammer
763,jackhammer
767,jackhammer
768,jackhammer
769,jackhammer
774,jackhammer
775,jackhammer
777,jackhammer
779,jackhammer
781,jackhammer
782,jackhammer
786,jackhammer
788,jackhammer
789,jackhammer
793,jackhammer
795,jackhammer
797,jackhammer
800,jackhammer
805,jackhammer
806,jackhammer
808,jackhammer
814,jackhammer
815,jackhammer
818,jackhammer
822,jackhammer
823,jackhammer
827,jackhammer
828,jackhammer
831,jackhammer
836,jackhammer
837,jackhammer
842,jackhammer
846,jackhammer
847,jackhammer
852,jackhammer
856,jackhammer
861,jackhammer
862,jackhammer
866,jackhammer
873,jackhammer
877,jackhammer
879,jackhammer
880,jackhammer
888,jackhammer
890,jackhammer
895,jackhammer
897,jackhammer
902,jackhammer
903,jackhammer
908,jackhammer
909,jackhammer
910,jackhammer
917,jackhammer
918,jackhammer
920,jackhammer
924,jackhammer
931,jackhammer
934,jackhammer
935,jackhammer
936,jackhammer
939,jackhammer
940,jackhammer
942,jackhammer
944,jackhammer
947,jackhammer
949,jackhammer
950,jackhammer
958,jackhammer
960,jackhammer
961,jackhammer
962,jackhammer
966,jackhammer
967,jackhammer
968,jackhammer
969,jackhammer
970,jackhammer
974,jackhammer
976,jackhammer
981,jackhammer
982,jackhammer
983,jackhammer
984,jackhammer
988,jackhammer
989,jackhammer
992,jackhammer
993,jackhammer
994,jackhammer
997,jackhammer
998,jackhammer
999,jackhammer
1002,jackhammer
1005,jackhammer
1009,jackhammer
1010,jackhammer
1011,jackhammer
1012,jackhammer
1013,jackhammer
1016,jackhammer
1019,jackhammer
1020,jackhammer
1023,jackhammer
1031,jackhammer
1033,jackhammer
1035,jackhammer
1037,jackhammer
1039,jackhammer
1041,jackhammer
1046,jackhammer
1050,jackhammer
1053,jackhammer
1057,jackhammer
1060,jackhammer
1064,jackhammer
1065,jackhammer
1067,jackhammer
1073,jackhammer
1075,jackhammer
1081,jackhammer
1084,jackhammer
1086,jackhammer
1093,jackhammer
1094,jackhammer
1095,jackhammer
1097,jackhammer
1099,jackhammer
1101,jackhammer
1102,jackhammer
1103,jackhammer
1104,jackhammer
1107,jackhammer
1108,jackhammer
1109,jackhammer
1110,jackhammer
1111,jackhammer
1114,jackhammer
1117,jackhammer
1121,jackhammer
1122,jackhammer
1123,jackhammer
1124,jackhammer
1125,jackhammer
1127,jackhammer
1128,jackhammer
1130,jackhammer
1132,jackhammer
1135,jackhammer
1136,jackhammer
1138,jackhammer
1140,jackhammer
1141,jackhammer
1142,jackhammer
1144,jackhammer
1146,jackhammer
1153,jackhammer
1154,jackhammer
1155,jackhammer
1159,jackhammer
1161,jackhammer
1163,jackhammer
1164,jackhammer
1165,jackhammer
1166,jackhammer
1167,jackhammer
1169,jackhammer
1170,jackhammer
1171,jackhammer
1172,jackhammer
1173,jackhammer
1177,jackhammer
1178,jackhammer
1179,jackhammer
1184,jackhammer
1185,jackhammer
1190,jackhammer
1192,jackhammer
1193,jackhammer
1194,jackhammer
1196,jackhammer
1197,jackhammer
1198,jackhammer
1199,jackhammer
1201,jackhammer
1202,jackhammer
1204,jackhammer
1207,jackhammer
1208,jackhammer
1211,jackhammer
1212,jackhammer
1213,jackhammer
1215,jackhammer
1216,jackhammer
1221,jackhammer
1222,jackhammer
1223,jackhammer
1225,jackhammer
1227,jackhammer
1229,jackhammer
1233,jackhammer
1234,jackhammer
1238,jackhammer
1239,jackhammer
1247,jackhammer
1249,jackhammer
1250,jackhammer
1253,jackhammer
1254,jackhammer
1258,jackhammer
1260,jackhammer
1263,jackhammer
1264,jackhammer
1266,jackhammer
1268,jackhammer
1274,jackhammer
1280,jackhammer
1281,jackhammer
1282,jackhammer
1283,jackhammer
1284,jackhammer
1285,jackhammer
1288,jackhammer
1290,jackhammer
1291,jackhammer
1293,jackhammer
1299,jackhammer
1304,jackhammer
1307,jackhammer
1309,jackhammer
1313,jackhammer
1315,jackhammer
1320,jackhammer
1324,jackhammer
1325,jackhammer
1331,jackhammer
1333,jackhammer
1336,jackhammer
1340,jackhammer
1342,jackhammer
1343,jackhammer
1344,jackhammer
1348,jackhammer
1354,jackhammer
1359,jackhammer
1360,jackhammer
1362,jackhammer
1364,jackhammer
1369,jackhammer
1372,jackhammer
1373,jackhammer
1374,jackhammer
1375,jackhammer
1376,jackhammer
1379,jackhammer
1382,jackhammer
1383,jackhammer
1387,jackhammer
1389,jackhammer
1391,jackhammer
1392,jackhammer
1395,jackhammer
1397,jackhammer
1401,jackhammer
1402,jackhammer
1403,jackhammer
1406,jackhammer
1407,jackhammer
1408,jackhammer
1410,jackhammer
1411,jackhammer
1413,jackhammer
1416,jackhammer
1420,jackhammer
1421,jackhammer
1422,jackhammer
1424,jackhammer
1426,jackhammer
1427,jackhammer
1429,jackhammer
1430,jackhammer
1433,jackhammer
1434,jackhammer
1438,jackhammer
1439,jackhammer
1440,jackhammer
1441,jackhammer
1442,jackhammer
1443,jackhammer
1445,jackhammer
1451,jackhammer
1453,jackhammer
1455,jackhammer
1456,jackhammer
1457,jackhammer
1463,jackhammer
1464,jackhammer
1465,jackhammer
1466,jackhammer
1474,jackhammer
1476,jackhammer
1482,jackhammer
1484,jackhammer
1486,jackhammer
1487,jackhammer
1490,jackhammer
1494,jackhammer
1495,jackhammer
1499,jackhammer
1504,jackhammer
1505,jackhammer
1507,jackhammer
1509,jackhammer
1513,jackhammer
1514,jackhammer
1519,jackhammer
1522,jackhammer
1524,jackhammer
1526,jackhammer
1533,jackhammer
1535,jackhammer
1538,jackhammer
1539,jackhammer
1541,jackhammer
1543,jackhammer
1544,jackhammer
1545,jackhammer
1553,jackhammer
1557,jackhammer
1559,jackhammer
1566,jackhammer
1568,jackhammer
1572,jackhammer
1575,jackhammer
1576,jackhammer
1577,jackhammer
1580,jackhammer
1582,jackhammer
1583,jackhammer
1585,jackhammer
1587,jackhammer
1590,jackhammer
1592,jackhammer
1594,jackhammer
1595,jackhammer
1596,jackhammer
1600,jackhammer
1609,jackhammer
1610,jackhammer
1611,jackhammer
1617,jackhammer
1619,jackhammer
1620,jackhammer
1622,jackhammer
1624,jackhammer
1625,jackhammer
1627,jackhammer
1631,jackhammer
1637,jackhammer
1638,jackhammer
1641,jackhammer
1642,jackhammer
1643,jackhammer
1644,jackhammer
1645,jackhammer
1646,jackhammer
1650,jackhammer
1654,jackhammer
1655,jackhammer
1657,jackhammer
1658,jackhammer
1659,jackhammer
1662,jackhammer
1665,jackhammer
1668,jackhammer
1670,jackhammer
1671,jackhammer
1676,jackhammer
1682,jackhammer
1683,jackhammer
1684,jackhammer
1685,jackhammer
1691,jackhammer
1692,jackhammer
1693,jackhammer
1694,jackhammer
1696,jackhammer
1698,jackhammer
1700,jackhammer
1707,jackhammer
1710,jackhammer
1712,jackhammer
1717,jackhammer
1721,jackhammer
1723,jackhammer
1726,jackhammer
1732,jackhammer
1733,jackhammer
1735,jackhammer
1740,jackhammer
1742,jackhammer
1743,jackhammer
1747,jackhammer
1752,jackhammer
1753,jackhammer
1756,jackhammer
1757,jackhammer
1758,jackhammer
1759,jackhammer
1762,jackhammer
1764,jackhammer
1770,jackhammer
1772,jackhammer
1775,jackhammer
1778,jackhammer
1781,jackhammer
1784,jackhammer
1785,jackhammer
1788,jackhammer
1790,jackhammer
1793,jackhammer
1797,jackhammer
1798,jackhammer
1799,jackhammer
1804,jackhammer
1810,jackhammer
1811,jackhammer
1814,jackhammer
1815,jackhammer
1821,jackhammer
1823,jackhammer
1824,jackhammer
1833,jackhammer
1835,jackhammer
1838,jackhammer
1844,jackhammer
1845,jackhammer
1846,jackhammer
1851,jackhammer
1852,jackhammer
1855,jackhammer
1857,jackhammer
1859,jackhammer
1860,jackhammer
1861,jackhammer
1862,jackhammer
1865,jackhammer
1875,jackhammer
1878,jackhammer
1880,jackhammer
1882,jackhammer
1884,jackhammer
1885,jackhammer
1887,jackhammer
1888,jackhammer
1900,jackhammer
1902,jackhammer
1903,jackhammer
1905,jackhammer
1906,jackhammer
1907,jackhammer
1909,jackhammer
1911,jackhammer
1912,jackhammer
1915,jackhammer
1920,jackhammer
1926,jackhammer
1928,jackhammer
1930,jackhammer
1931,jackhammer
1934,jackhammer
1939,jackhammer
1942,jackhammer
1951,jackhammer
1953,jackhammer
1954,jackhammer
1955,jackhammer
1959,jackhammer
1961,jackhammer
1962,jackhammer
1964,jackhammer
1965,jackhammer
1969,jackhammer
1972,jackhammer
1975,jackhammer
1979,jackhammer
1981,jackhammer
1983,jackhammer
1984,jackhammer
1985,jackhammer
1989,jackhammer
1990,jackhammer
1993,jackhammer
1995,jackhammer
1998,jackhammer
2003,jackhammer
2005,jackhammer
2006,jackhammer
2007,jackhammer
2011,jackhammer
2012,jackhammer
2014,jackhammer
2015,jackhammer
2021,jackhammer
2024,jackhammer
2027,jackhammer
2030,jackhammer
2032,jackhammer
2034,jackhammer
2035,jackhammer
2039,jackhammer
2041,jackhammer
2044,jackhammer
2046,jackhammer
2052,jackhammer
2053,jackhammer
2058,jackhammer
2059,jackhammer
2060,jackhammer
2061,jackhammer
2062,jackhammer
2065,jackhammer
2068,jackhammer
2069,jackhammer
2071,jackhammer
2074,jackhammer
2075,jackhammer
2076,jackhammer
2079,jackhammer
2085,jackhammer
2086,jackhammer
2088,jackhammer
2092,jackhammer
2093,jackhammer
2097,jackhammer
2100,jackhammer
2109,jackhammer
2110,jackhammer
2111,jackhammer
2112,jackhammer
2114,jackhammer
2115,jackhammer
2118,jackhammer
2119,jackhammer
2120,jackhammer
2128,jackhammer
2131,jackhammer
2136,jackhammer
2137,jackhammer
2143,jackhammer
2146,jackhammer
2147,jackhammer
2151,jackhammer
2153,jackhammer
2155,jackhammer
2158,jackhammer
2159,jackhammer
2161,jackhammer
2164,jackhammer
2165,jackhammer
2166,jackhammer
2167,jackhammer
2172,jackhammer
2175,jackhammer
2176,jackhammer
2177,jackhammer
2178,jackhammer
2181,jackhammer
2183,jackhammer
2187,jackhammer
2189,jackhammer
2202,jackhammer
2203,jackhammer
2207,jackhammer
2208,jackhammer
2211,jackhammer
2213,jackhammer
2214,jackhammer
2215,jackhammer
2221,jackhammer
2222,jackhammer
2223,jackhammer
2231,jackhammer
2232,jackhammer
2234,jackhammer
2239,jackhammer
2242,jackhammer
2243,jackhammer
2245,jackhammer
2248,jackhammer
2255,jackhammer
2257,jackhammer
2261,jackhammer
2263,jackhammer
2266,jackhammer
2267,jackhammer
2268,jackhammer
2270,jackhammer
2271,jackhammer
2272,jackhammer
2274,jackhammer
2276,jackhammer
2280,jackhammer
2281,jackhammer
2283,jackhammer
2284,jackhammer
2285,jackhammer
2286,jackhammer
2288,jackhammer
2289,jackhammer
2292,jackhammer
2294,jackhammer
2296,jackhammer
2298,jackhammer
2305,jackhammer
2311,jackhammer
2315,jackhammer
2316,jackhammer
2317,jackhammer
2320,jackhammer
2321,jackhammer
2322,jackhammer
2325,jackhammer
2326,jackhammer
2328,jackhammer
2331,jackhammer
2334,jackhammer
2336,jackhammer
2337,jackhammer
2341,jackhammer
2342,jackhammer
2346,jackhammer
2348,jackhammer
2350,jackhammer
2352,jackhammer
2355,jackhammer
2356,jackhammer
2357,jackhammer
2359,jackhammer
2361,jackhammer
2362,jackhammer
2365,jackhammer
2367,jackhammer
2370,jackhammer
2374,jackhammer
2375,jackhammer
2376,jackhammer
2377,jackhammer
2381,jackhammer
2383,jackhammer
2385,jackhammer
2387,jackhammer
2391,jackhammer
2392,jackhammer
2393,jackhammer
2396,jackhammer
2397,jackhammer
2399,jackhammer
2400,jackhammer
2406,jackhammer
2407,jackhammer
2409,jackhammer
2417,jackhammer
2422,jackhammer
2423,jackhammer
2426,jackhammer
2429,jackhammer
2431,jackhammer
2434,jackhammer
2435,jackhammer
2436,jackhammer
2437,jackhammer
2440,jackhammer
2442,jackhammer
2451,jackhammer
2457,jackhammer
2459,jackhammer
2467,jackhammer
2469,jackhammer
2471,jackhammer
2472,jackhammer
2475,jackhammer
2476,jackhammer
2481,jackhammer
2482,jackhammer
2483,jackhammer
2486,jackhammer
2490,jackhammer
2491,jackhammer
2492,jackhammer
2495,jackhammer
2496,jackhammer
2500,jackhammer
2502,jackhammer
2504,jackhammer
2508,jackhammer
2514,jackhammer
2518,jackhammer
2519,jackhammer
2520,jackhammer
2521,jackhammer
2522,jackhammer
2525,jackhammer
2527,jackhammer
2528,jackhammer
2530,jackhammer
2533,jackhammer
2535,jackhammer
2537,jackhammer
2540,jackhammer
2546,jackhammer
2551,jackhammer
2554,jackhammer
2556,jackhammer
2559,jackhammer
2561,jackhammer
2562,jackhammer
2563,jackhammer
2565,jackhammer
2566,jackhammer
2579,jackhammer
2583,jackhammer
2589,jackhammer
2590,jackhammer
2591,jackhammer
2599,jackhammer
2602,jackhammer
2606,jackhammer
2609,jackhammer
2611,jackhammer
2615,jackhammer
2617,jackhammer
2618,jackhammer
2621,jackhammer
2622,jackhammer
2626,jackhammer
2627,jackhammer
2628,jackhammer
2629,jackhammer
2630,jackhammer
2631,jackhammer
2633,jackhammer
2635,jackhammer
2638,jackhammer
2642,jackhammer
2643,jackhammer
2649,jackhammer
2654,jackhammer
2655,jackhammer
2656,jackhammer
2660,jackhammer
2663,jackhammer
2667,jackhammer
2670,jackhammer
2672,jackhammer
2673,jackhammer
2675,jackhammer
2681,jackhammer
2683,jackhammer
2688,jackhammer
2692,jackhammer
2693,jackhammer
2694,jackhammer
2696,jackhammer
2698,jackhammer
2701,jackhammer
2704,jackhammer
2708,jackhammer
2712,jackhammer
2715,jackhammer
2716,jackhammer
2719,jackhammer
2720,jackhammer
2724,jackhammer
2727,jackhammer
2729,jackhammer
2731,jackhammer
2734,jackhammer
2735,jackhammer
2737,jackhammer
2742,jackhammer
2743,jackhammer
2745,jackhammer
2748,jackhammer
2749,jackhammer
2753,jackhammer
2755,jackhammer
2758,jackhammer
2759,jackhammer
2761,jackhammer
2762,jackhammer
2767,jackhammer
2768,jackhammer
2772,jackhammer
2777,jackhammer
2778,jackhammer
2782,jackhammer
2786,jackhammer
2793,jackhammer
2796,jackhammer
2798,jackhammer
2799,jackhammer
2803,jackhammer
2804,jackhammer
2806,jackhammer
2809,jackhammer
2810,jackhammer
2812,jackhammer
2814,jackhammer
2816,jackhammer
2817,jackhammer
2818,jackhammer
2820,jackhammer
2822,jackhammer
2823,jackhammer
2826,jackhammer
2827,jackhammer
2833,jackhammer
2834,jackhammer
2838,jackhammer
2839,jackhammer
2841,jackhammer
2843,jackhammer
2844,jackhammer
2845,jackhammer
2847,jackhammer
2848,jackhammer
2852,jackhammer
2853,jackhammer
2856,jackhammer
2859,jackhammer
2860,jackhammer
2861,jackhammer
2866,jackhammer
2867,jackhammer
2868,jackhammer
2874,jackhammer
2876,jackhammer
2877,jackhammer
2879,jackhammer
2880,jackhammer
2882,jackhammer
2883,jackhammer
2885,jackhammer
2886,jackhammer
2888,jackhammer
2893,jackhammer
2894,jackhammer
2895,jackhammer
2897,jackhammer
2904,jackhammer
2905,jackhammer
2906,jackhammer
2908,jackhammer
2916,jackhammer
2919,jackhammer
2923,jackhammer
2937,jackhammer
2938,jackhammer
2941,jackhammer
2947,jackhammer
2948,jackhammer
2949,jackhammer
2952,jackhammer
2953,jackhammer
2958,jackhammer
2964,jackhammer
2965,jackhammer
2967,jackhammer
2968,jackhammer
2970,jackhammer
2973,jackhammer
2975,jackhammer
2977,jackhammer
2978,jackhammer
2979,jackhammer
2981,jackhammer
2985,jackhammer
2990,jackhammer
2999,jackhammer
3000,jackhammer
3002,jackhammer
3005,jackhammer
3007,jackhammer
3009,jackhammer
3010,jackhammer
3015,jackhammer
3017,jackhammer
3019,jackhammer
3022,jackhammer
3023,jackhammer
3025,jackhammer
3028,jackhammer
3029,jackhammer
3031,jackhammer
3035,jackhammer
3039,jackhammer
3040,jackhammer
3041,jackhammer
3043,jackhammer
3044,jackhammer
3045,jackhammer
3047,jackhammer
3048,jackhammer
3049,jackhammer
3053,jackhammer
3057,jackhammer
3058,jackhammer
3059,jackhammer
3064,jackhammer
3065,jackhammer
3067,jackhammer
3072,jackhammer
3073,jackhammer
3076,jackhammer
3079,jackhammer
3080,jackhammer
3083,jackhammer
3084,jackhammer
3086,jackhammer
3088,jackhammer
3090,jackhammer
3093,jackhammer
3100,jackhammer
3106,jackhammer
3107,jackhammer
3109,jackhammer
3111,jackhammer
3113,jackhammer
3114,jackhammer
3116,jackhammer
3119,jackhammer
3122,jackhammer
3124,jackhammer
3129,jackhammer
3132,jackhammer
3134,jackhammer
3137,jackhammer
3139,jackhammer
3141,jackhammer
3142,jackhammer
3145,jackhammer
3149,jackhammer
3158,jackhammer
3166,jackhammer
3173,jackhammer
3174,jackhammer
3175,jackhammer
3181,jackhammer
3183,jackhammer
3184,jackhammer
3193,jackhammer
3198,jackhammer
3201,jackhammer
3203,jackhammer
3204,jackhammer
3208,jackhammer
3210,jackhammer
3212,jackhammer
3217,jackhammer
3219,jackhammer
3222,jackhammer
3224,jackhammer
3228,jackhammer
3234,jackhammer
3241,jackhammer
3242,jackhammer
3243,jackhammer
3245,jackhammer
3247,jackhammer
3249,jackhammer
3251,jackhammer
3252,jackhammer
3253,jackhammer
3255,jackhammer
3256,jackhammer
3260,jackhammer
3263,jackhammer
3265,jackhammer
3269,jackhammer
3274,jackhammer
3280,jackhammer
3282,jackhammer
3284,jackhammer
3287,jackhammer
3289,jackhammer
3290,jackhammer
3295,jackhammer
3300,jackhammer
3303,jackhammer
3304,jackhammer
3309,jackhammer
3311,jackhammer
3312,jackhammer
3313,jackhammer
3314,jackhammer
3315,jackhammer
3326,jackhammer
3327,jackhammer
3329,jackhammer
3335,jackhammer
3339,jackhammer
3340,jackhammer
3341,jackhammer
3342,jackhammer
3346,jackhammer
3348,jackhammer
3356,jackhammer
3359,jackhammer
3361,jackhammer
3366,jackhammer
3368,jackhammer
3372,jackhammer
3374,jackhammer
3377,jackhammer
3378,jackhammer
3380,jackhammer
3382,jackhammer
3384,jackhammer
3385,jackhammer
3386,jackhammer
3391,jackhammer
3393,jackhammer
3396,jackhammer
3402,jackhammer
3403,jackhammer
3405,jackhammer
3408,jackhammer
3410,jackhammer
3411,jackhammer
3412,jackhammer
3414,jackhammer
3421,jackhammer
3424,jackhammer
3426,jackhammer
3427,jackhammer
3428,jackhammer
3430,jackhammer
3431,jackhammer
3438,jackhammer
3440,jackhammer
3447,jackhammer
3448,jackhammer
3450,jackhammer
3456,jackhammer
3457,jackhammer
3460,jackhammer
3463,jackhammer
3466,jackhammer
3468,jackhammer
3472,jackhammer
3476,jackhammer
3479,jackhammer
3484,jackhammer
3485,jackhammer
3487,jackhammer
3488,jackhammer
3490,jackhammer
3494,jackhammer
3497,jackhammer
3498,jackhammer
3500,jackhammer
3502,jackhammer
3505,jackhammer
3506,jackhammer
3511,jackhammer
3512,jackhammer
3513,jackhammer
3521,jackhammer
3524,jackhammer
3527,jackhammer
3530,jackhammer
3532,jackhammer
3535,jackhammer
3541,jackhammer
3544,jackhammer
3552,jackhammer
3553,jackhammer
3557,jackhammer
3558,jackhammer
3559,jackhammer
3562,jackhammer
3563,jackhammer
3564,jackhammer
3565,jackhammer
3570,jackhammer
3571,jackhammer
3572,jackhammer
3573,jackhammer
3575,jackhammer
3576,jackhammer
3578,jackhammer
3581,jackhammer
3586,jackhammer
3589,jackhammer
3592,jackhammer
3593,jackhammer
3594,jackhammer
3600,jackhammer
3601,jackhammer
3602,jackhammer
3605,jackhammer
3612,jackhammer
3615,jackhammer
3616,jackhammer
3617,jackhammer
3618,jackhammer
3620,jackhammer
3623,jackhammer
3625,jackhammer
3631,jackhammer
3633,jackhammer
3635,jackhammer
3636,jackhammer
3638,jackhammer
3641,jackhammer
3643,jackhammer
3650,jackhammer
3651,jackhammer
3655,jackhammer
3665,jackhammer
3667,jackhammer
3673,jackhammer
3677,jackhammer
3684,jackhammer
3690,jackhammer
3692,jackhammer
3693,jackhammer
3694,jackhammer
3699,jackhammer
3701,jackhammer
3704,jackhammer
3705,jackhammer
3707,jackhammer
3710,jackhammer
3712,jackhammer
3713,jackhammer
3715,jackhammer
3716,jackhammer
3720,jackhammer
3722,jackhammer
3723,jackhammer
3727,jackhammer
3730,jackhammer
3733,jackhammer
3736,jackhammer
3737,jackhammer
3740,jackhammer
3743,jackhammer
3744,jackhammer
3746,jackhammer
3748,jackhammer
3755,jackhammer
3757,jackhammer
3761,jackhammer
3767,jackhammer
3768,jackhammer
3769,jackhammer
3773,jackhammer
3774,jackhammer
3775,jackhammer
3777,jackhammer
3779,jackhammer
3780,jackhammer
3786,jackhammer
3789,jackhammer
3793,jackhammer
3794,jackhammer
3795,jackhammer
3796,jackhammer
3797,jackhammer
3801,jackhammer
3802,jackhammer
3804,jackhammer
3807,jackhammer
3809,jackhammer
3810,jackhammer
3812,jackhammer
3814,jackhammer
3815,jackhammer
3817,jackhammer
3818,jackhammer
3824,jackhammer
3825,jackhammer
3826,jackhammer
3829,jackhammer
3831,jackhammer
3832,jackhammer
3835,jackhammer
3837,jackhammer
3841,jackhammer
3845,jackhammer
3849,jackhammer
3852,jackhammer
3856,jackhammer
3857,jackhammer
3858,jackhammer
3862,jackhammer
3865,jackhammer
3867,jackhammer
3872,jackhammer
3873,jackhammer
3874,jackhammer
3875,jackhammer
3876,jackhammer
3892,jackhammer
3897,jackhammer
3899,jackhammer
3901,jackhammer
3904,jackhammer
3907,jackhammer
3908,jackhammer
3912,jackhammer
3913,jackhammer
3917,jackhammer
3922,jackhammer
3923,jackhammer
3926,jackhammer
3928,jackhammer
3931,jackhammer
3935,jackhammer
3937,jackhammer
3942,jackhammer
3946,jackhammer
3949,jackhammer
3950,jackhammer
3952,jackhammer
3953,jackhammer
3954,jackhammer
3957,jackhammer
3958,jackhammer
3961,jackhammer
3963,jackhammer
3964,jackhammer
3971,jackhammer
3974,jackhammer
3976,jackhammer
3977,jackhammer
3979,jackhammer
3980,jackhammer
3989,jackhammer
3990,jackhammer
3991,jackhammer
3995,jackhammer
3996,jackhammer
4005,jackhammer
4007,jackhammer
4008,jackhammer
4013,jackhammer
4016,jackhammer
4019,jackhammer
4020,jackhammer
4023,jackhammer
4025,jackhammer
4026,jackhammer
4031,jackhammer
4033,jackhammer
4034,jackhammer
4035,jackhammer
4036,jackhammer
4037,jackhammer
4040,jackhammer
4042,jackhammer
4043,jackhammer
4047,jackhammer
4048,jackhammer
4051,jackhammer
4052,jackhammer
4053,jackhammer
4059,jackhammer
4060,jackhammer
4061,jackhammer
4063,jackhammer
4065,jackhammer
4071,jackhammer
4072,jackhammer
4074,jackhammer
4079,jackhammer
4082,jackhammer
4088,jackhammer
4090,jackhammer
4092,jackhammer
4098,jackhammer
4099,jackhammer
4105,jackhammer
4107,jackhammer
4108,jackhammer
4109,jackhammer
4112,jackhammer
4113,jackhammer
4114,jackhammer
4115,jackhammer
4116,jackhammer
4120,jackhammer
4124,jackhammer
4127,jackhammer
4132,jackhammer
4133,jackhammer
4136,jackhammer
4141,jackhammer
4144,jackhammer
4145,jackhammer
4147,jackhammer
4148,jackhammer
4149,jackhammer
4150,jackhammer
4151,jackhammer
4152,jackhammer
4153,jackhammer
4154,jackhammer
4156,jackhammer
4157,jackhammer
4165,jackhammer
4167,jackhammer
4173,jackhammer
4176,jackhammer
4177,jackhammer
4185,jackhammer
4186,jackhammer
4187,jackhammer
4188,jackhammer
4192,jackhammer
4194,jackhammer
4195,jackhammer
4196,jackhammer
4202,jackhammer
4208,jackhammer
4209,jackhammer
4211,jackhammer
4212,jackhammer
4213,jackhammer
4214,jackhammer
4215,jackhammer
4219,jackhammer
4221,jackhammer
4223,jackhammer
4225,jackhammer
4229,jackhammer
4230,jackhammer
4233,jackhammer
4237,jackhammer
4238,jackhammer
4240,jackhammer
4243,jackhammer
4245,jackhammer
4250,jackhammer
4251,jackhammer
4258,jackhammer
4259,jackhammer
4261,jackhammer
4264,jackhammer
4266,jackhammer
4268,jackhammer
4269,jackhammer
4270,jackhammer
4271,jackhammer
4275,jackhammer
4276,jackhammer
4280,jackhammer
4282,jackhammer
4283,jackhammer
4284,jackhammer
4292,jackhammer
4294,jackhammer
4295,jackhammer
4296,jackhammer
4298,jackhammer
4300,jackhammer
4302,jackhammer
4304,jackhammer
4305,jackhammer
4306,jackhammer
4308,jackhammer
4309,jackhammer
4310,jackhammer
4312,jackhammer
4315,jackhammer
4318,jackhammer
4321,jackhammer
4322,jackhammer
4325,jackhammer
4329,jackhammer
4330,jackhammer
4332,jackhammer
4334,jackhammer
4336,jackhammer
4339,jackhammer
4340,jackhammer
4342,jackhammer
4343,jackhammer
4344,jackhammer
4345,jackhammer
4347,jackhammer
4348,jackhammer
4354,jackhammer
4355,jackhammer
4357,jackhammer
4360,jackhammer
4368,jackhammer
4370,jackhammer
4373,jackhammer
4376,jackhammer
4377,jackhammer
4380,jackhammer
4383,jackhammer
4385,jackhammer
4387,jackhammer
4388,jackhammer
4391,jackhammer
4395,jackhammer
4398,jackhammer
4399,jackhammer
4402,jackhammer
4403,jackhammer
4404,jackhammer
4405,jackhammer
4407,jackhammer
4409,jackhammer
4410,jackhammer
4414,jackhammer
4419,jackhammer
4421,jackhammer
4423,jackhammer
4434,jackhammer
4435,jackhammer
4441,jackhammer
4445,jackhammer
4447,jackhammer
4448,jackhammer
4452,jackhammer
4455,jackhammer
4457,jackhammer
4460,jackhammer
4465,jackhammer
4466,jackhammer
4468,jackhammer
4469,jackhammer
4470,jackhammer
4471,jackhammer
4477,jackhammer
4478,jackhammer
4479,jackhammer
4484,jackhammer
4488,jackhammer
4489,jackhammer
4494,jackhammer
4495,jackhammer
4496,jackhammer
4497,jackhammer
4501,jackhammer
4505,jackhammer
4507,jackhammer
4508,jackhammer
4512,jackhammer
4516,jackhammer
4517,jackhammer
4518,jackhammer
4519,jackhammer
4520,jackhammer
4524,jackhammer
4533,jackhammer
4537,jackhammer
4538,jackhammer
4543,jackhammer
4544,jackhammer
4546,jackhammer
4548,jackhammer
4550,jackhammer
4551,jackhammer
4552,jackhammer
4553,jackhammer
4555,jackhammer
4558,jackhammer
4560,jackhammer
4564,jackhammer
4565,jackhammer
4567,jackhammer
4576,jackhammer
4577,jackhammer
4579,jackhammer
4580,jackhammer
4582,jackhammer
4586,jackhammer
4587,jackhammer
4588,jackhammer
4590,jackhammer
4591,jackhammer
4593,jackhammer
4594,jackhammer
4596,jackhammer
4597,jackhammer
4600,jackhammer
4603,jackhammer
4605,jackhammer
4606,jackhammer
4608,jackhammer
4615,jackhammer
4620,jackhammer
4621,jackhammer
4624,jackhammer
4626,jackhammer
4627,jackhammer
4631,jackhammer
4638,jackhammer
4639,jackhammer
4642,jackhammer
4644,jackhammer
4649,jackhammer
4654,jackhammer
4656,jackhammer
4660,jackhammer
4664,jackhammer
4670,jackhammer
4671,jackhammer
4673,jackhammer
4675,jackhammer
4678,jackhammer
4681,jackhammer
4687,jackhammer
4689,jackhammer
4691,jackhammer
4694,jackhammer
4696,jackhammer
4699,jackhammer
4700,jackhammer
4701,jackhammer
4706,jackhammer
4709,jackhammer
4710,jackhammer
4711,jackhammer
4712,jackhammer
4713,jackhammer
4717,jackhammer
4719,jackhammer
4720,jackhammer
4727,jackhammer
4731,jackhammer
4734,jackhammer
4738,jackhammer
4744,jackhammer
4751,jackhammer
4757,jackhammer
4760,jackhammer
4761,jackhammer
4765,jackhammer
4768,jackhammer
4771,jackhammer
4772,jackhammer
4773,jackhammer
4774,jackhammer
4777,jackhammer
4779,jackhammer
4780,jackhammer
4782,jackhammer
4797,jackhammer
4798,jackhammer
4802,jackhammer
4808,jackhammer
4809,jackhammer
4811,jackhammer
4812,jackhammer
4813,jackhammer
4814,jackhammer
4815,jackhammer
4816,jackhammer
4817,jackhammer
4818,jackhammer
4819,jackhammer
4825,jackhammer
4831,jackhammer
4838,jackhammer
4841,jackhammer
4845,jackhammer
4848,jackhammer
4849,jackhammer
4850,jackhammer
4855,jackhammer
4856,jackhammer
4859,jackhammer
4862,jackhammer
4865,jackhammer
4868,jackhammer
4869,jackhammer
4871,jackhammer
4872,jackhammer
4874,jackhammer
4875,jackhammer
4876,jackhammer
4878,jackhammer
4882,jackhammer
4885,jackhammer
4891,jackhammer
4892,jackhammer
4893,jackhammer
4897,jackhammer
4898,jackhammer
4901,jackhammer
4908,jackhammer
4910,jackhammer
4915,jackhammer
4922,jackhammer
4929,jackhammer
4930,jackhammer
4932,jackhammer
4933,jackhammer
4935,jackhammer
4936,jackhammer
4939,jackhammer
4941,jackhammer
4944,jackhammer
4946,jackhammer
4949,jackhammer
4951,jackhammer
4954,jackhammer
4955,jackhammer
4957,jackhammer
4958,jackhammer
4967,jackhammer
4969,jackhammer
4971,jackhammer
4975,jackhammer
4977,jackhammer
4978,jackhammer
4979,jackhammer
4980,jackhammer
4981,jackhammer
4982,jackhammer
4983,jackhammer
4987,jackhammer
4995,jackhammer
4998,jackhammer
4999,jackhammer
5000,jackhammer
5006,jackhammer
5007,jackhammer
5008,jackhammer
5009,jackhammer
5012,jackhammer
5014,jackhammer
5015,jackhammer
5016,jackhammer
5018,jackhammer
5020,jackhammer
5024,jackhammer
5026,jackhammer
5027,jackhammer
5030,jackhammer
5036,jackhammer
5039,jackhammer
5041,jackhammer
5047,jackhammer
5048,jackhammer
5050,jackhammer
5053,jackhammer
5054,jackhammer
5056,jackhammer
5061,jackhammer
5062,jackhammer
5066,jackhammer
5070,jackhammer
5078,jackhammer
5079,jackhammer
5080,jackhammer
5083,jackhammer
5086,jackhammer
5087,jackhammer
5090,jackhammer
5091,jackhammer
5093,jackhammer
5097,jackhammer
5098,jackhammer
5101,jackhammer
5102,jackhammer
5104,jackhammer
5105,jackhammer
5108,jackhammer
5111,jackhammer
5113,jackhammer
5115,jackhammer
5116,jackhammer
5120,jackhammer
5123,jackhammer
5124,jackhammer
5126,jackhammer
5131,jackhammer
5136,jackhammer
5137,jackhammer
5139,jackhammer
5143,jackhammer
5144,jackhammer
5145,jackhammer
5150,jackhammer
5152,jackhammer
5153,jackhammer
5155,jackhammer
5156,jackhammer
5160,jackhammer
5161,jackhammer
5162,jackhammer
5163,jackhammer
5164,jackhammer
5166,jackhammer
5167,jackhammer
5168,jackhammer
5170,jackhammer
5179,jackhammer
5182,jackhammer
5184,jackhammer
5185,jackhammer
5187,jackhammer
5192,jackhammer
5193,jackhammer
5194,jackhammer
5197,jackhammer
5203,jackhammer
5204,jackhammer
5207,jackhammer
5208,jackhammer
5212,jackhammer
5213,jackhammer
5215,jackhammer
5220,jackhammer
5222,jackhammer
5224,jackhammer
5229,jackhammer
5230,jackhammer
5231,jackhammer
5232,jackhammer
5235,jackhammer
5238,jackhammer
5240,jackhammer
5242,jackhammer
5245,jackhammer
5249,jackhammer
5250,jackhammer
5252,jackhammer
5254,jackhammer
5256,jackhammer
5258,jackhammer
5260,jackhammer
5261,jackhammer
5267,jackhammer
5269,jackhammer
5273,jackhammer
5274,jackhammer
5275,jackhammer
5276,jackhammer
5280,jackhammer
5282,jackhammer
5285,jackhammer
5286,jackhammer
5287,jackhammer
5288,jackhammer
5293,jackhammer
5295,jackhammer
5296,jackhammer
5298,jackhammer
5300,jackhammer
5301,jackhammer
5303,jackhammer
5305,jackhammer
5306,jackhammer
5311,jackhammer
5317,jackhammer
5318,jackhammer
5325,jackhammer
5327,jackhammer
5330,jackhammer
5332,jackhammer
5334,jackhammer
5335,jackhammer
5337,jackhammer
5339,jackhammer
5341,jackhammer
5342,jackhammer
5346,jackhammer
5349,jackhammer
5354,jackhammer
5355,jackhammer
5358,jackhammer
5362,jackhammer
5363,jackhammer
5365,jackhammer
5366,jackhammer
5367,jackhammer
5368,jackhammer
5372,jackhammer
5375,jackhammer
5377,jackhammer
5379,jackhammer
5381,jackhammer
5383,jackhammer
5386,jackhammer
5387,jackhammer
5388,jackhammer
5392,jackhammer
5393,jackhammer
5396,jackhammer
5399,jackhammer
5401,jackhammer
5402,jackhammer
5404,jackhammer
5408,jackhammer
5410,jackhammer
5413,jackhammer
5419,jackhammer
5420,jackhammer
5421,jackhammer
5422,jackhammer
5424,jackhammer
5425,jackhammer
5428,jackhammer
5430,jackhammer
5431,jackhammer
5434,jackhammer
5439,jackhammer
5440,jackhammer
5442,jackhammer
5443,jackhammer
5446,jackhammer
5449,jackhammer
5450,jackhammer
5451,jackhammer
5453,jackhammer
5454,jackhammer
5455,jackhammer
5457,jackhammer
5458,jackhammer
5462,jackhammer
5463,jackhammer
5464,jackhammer
5467,jackhammer
5468,jackhammer
5469,jackhammer
5470,jackhammer
5471,jackhammer
5474,jackhammer
5475,jackhammer
5478,jackhammer
5479,jackhammer
5482,jackhammer
5484,jackhammer
5485,jackhammer
5490,jackhammer
5491,jackhammer
5496,jackhammer
5500,jackhammer
5501,jackhammer
5502,jackhammer
5506,jackhammer
5510,jackhammer
5516,jackhammer
5517,jackhammer
5520,jackhammer
5525,jackhammer
5527,jackhammer
5529,jackhammer
5531,jackhammer
5532,jackhammer
5536,jackhammer
5538,jackhammer
5539,jackhammer
5541,jackhammer
5549,jackhammer
5550,jackhammer
5551,jackhammer
5552,jackhammer
5555,jackhammer
5563,jackhammer
5567,jackhammer
5568,jackhammer
5569,jackhammer
5573,jackhammer
5575,jackhammer
5576,jackhammer
5578,jackhammer
5579,jackhammer
5580,jackhammer
5581,jackhammer
5584,jackhammer
5590,jackhammer
5591,jackhammer
5593,jackhammer
5595,jackhammer
5596,jackhammer
5602,jackhammer
5603,jackhammer
5604,jackhammer
5606,jackhammer
5608,jackhammer
5617,jackhammer
5618,jackhammer
5620,jackhammer
5621,jackhammer
5622,jackhammer
5629,jackhammer
5630,jackhammer
5632,jackhammer
5633,jackhammer
5636,jackhammer
5643,jackhammer
5646,jackhammer
5647,jackhammer
5648,jackhammer
5651,jackhammer
5656,jackhammer
5657,jackhammer
5665,jackhammer
5666,jackhammer
5667,jackhammer
5674,jackhammer
5675,jackhammer
5677,jackhammer
5679,jackhammer
5685,jackhammer
5686,jackhammer
5688,jackhammer
5693,jackhammer
5694,jackhammer
5696,jackhammer
5700,jackhammer
5703,jackhammer
5708,jackhammer
5717,jackhammer
5718,jackhammer
5720,jackhammer
5727,jackhammer
5728,jackhammer
5729,jackhammer
5737,jackhammer
5738,jackhammer
5743,jackhammer
5747,jackhammer
5748,jackhammer
5749,jackhammer
5752,jackhammer
5753,jackhammer
5754,jackhammer
5756,jackhammer
5759,jackhammer
5766,jackhammer
5775,jackhammer
5776,jackhammer
5777,jackhammer
5779,jackhammer
5781,jackhammer
5782,jackhammer
5785,jackhammer
5787,jackhammer
5789,jackhammer
5792,jackhammer
5793,jackhammer
5794,jackhammer
5795,jackhammer
5797,jackhammer
5798,jackhammer
5801,jackhammer
5803,jackhammer
5804,jackhammer
5805,jackhammer
5807,jackhammer
5809,jackhammer
5810,jackhammer
5811,jackhammer
5812,jackhammer
5814,jackhammer
5819,jackhammer
5821,jackhammer
5823,jackhammer
5828,jackhammer
5830,jackhammer
5831,jackhammer
5834,jackhammer
5836,jackhammer
5838,jackhammer
5839,jackhammer
5843,jackhammer
5845,jackhammer
5846,jackhammer
5849,jackhammer
5853,jackhammer
5855,jackhammer
5860,jackhammer
5861,jackhammer
5866,jackhammer
5868,jackhammer
5872,jackhammer
5873,jackhammer
5875,jackhammer
5878,jackhammer
5880,jackhammer
5883,jackhammer
5884,jackhammer
5885,jackhammer
5894,jackhammer
5895,jackhammer
5896,jackhammer
5898,jackhammer
5899,jackhammer
5905,jackhammer
5910,jackhammer
5911,jackhammer
5913,jackhammer
5916,jackhammer
5919,jackhammer
5920,jackhammer
5923,jackhammer
5924,jackhammer
5929,jackhammer
5930,jackhammer
5931,jackhammer
5935,jackhammer
5938,jackhammer
5939,jackhammer
5945,jackhammer
5946,jackhammer
5955,jackhammer
5956,jackhammer
5958,jackhammer
5959,jackhammer
5961,jackhammer
5965,jackhammer
5967,jackhammer
5969,jackhammer
5970,jackhammer
5971,jackhammer
5972,jackhammer
5973,jackhammer
5974,jackhammer
5975,jackhammer
5978,jackhammer
5979,jackhammer
5981,jackhammer
5986,jackhammer
5987,jackhammer
5991,jackhammer
5993,jackhammer
5998,jackhammer
6000,jackhammer
6006,jackhammer
6008,jackhammer
6011,jackhammer
6018,jackhammer
6024,jackhammer
6028,jackhammer
6032,jackhammer
6036,jackhammer
6037,jackhammer
6038,jackhammer
6039,jackhammer
6042,jackhammer
6043,jackhammer
6044,jackhammer
6045,jackhammer
6048,jackhammer
6052,jackhammer
6057,jackhammer
6058,jackhammer
6060,jackhammer
6062,jackhammer
6064,jackhammer
6065,jackhammer
6067,jackhammer
6069,jackhammer
6071,jackhammer
6073,jackhammer
6075,jackhammer
6076,jackhammer
6078,jackhammer
6084,jackhammer
6090,jackhammer
6093,jackhammer
6097,jackhammer
6102,jackhammer
6105,jackhammer
6106,jackhammer
6110,jackhammer
6111,jackhammer
6112,jackhammer
6113,jackhammer
6114,jackhammer
6122,jackhammer
6124,jackhammer
6125,jackhammer
6126,jackhammer
6127,jackhammer
6128,jackhammer
6135,jackhammer
6143,jackhammer
6146,jackhammer
6147,jackhammer
6148,jackhammer
6150,jackhammer
6155,jackhammer
6157,jackhammer
6164,jackhammer
6166,jackhammer
6167,jackhammer
6168,jackhammer
6176,jackhammer
6178,jackhammer
6182,jackhammer
6184,jackhammer
6185,jackhammer
6186,jackhammer
6190,jackhammer
6192,jackhammer
6195,jackhammer
6199,jackhammer
6200,jackhammer
6201,jackhammer
6202,jackhammer
6203,jackhammer
6207,jackhammer
6208,jackhammer
6209,jackhammer
6216,jackhammer
6218,jackhammer
6221,jackhammer
6223,jackhammer
6225,jackhammer
6226,jackhammer
6228,jackhammer
6231,jackhammer
6233,jackhammer
6236,jackhammer
6237,jackhammer
6238,jackhammer
6240,jackhammer
6242,jackhammer
6246,jackhammer
6250,jackhammer
6251,jackhammer
6252,jackhammer
6253,jackhammer
6254,jackhammer
6257,jackhammer
6261,jackhammer
6264,jackhammer
6267,jackhammer
6269,jackhammer
6273,jackhammer
6275,jackhammer
6276,jackhammer
6277,jackhammer
6280,jackhammer
6281,jackhammer
6285,jackhammer
6289,jackhammer
6299,jackhammer
6301,jackhammer
6302,jackhammer
6303,jackhammer
6306,jackhammer
6307,jackhammer
6312,jackhammer
6313,jackhammer
6315,jackhammer
6316,jackhammer
6320,jackhammer
6325,jackhammer
6330,jackhammer
6334,jackhammer
6342,jackhammer
6344,jackhammer
6349,jackhammer
6350,jackhammer
6352,jackhammer
6353,jackhammer
6356,jackhammer
6360,jackhammer
6361,jackhammer
6362,jackhammer
6363,jackhammer
6365,jackhammer
6368,jackhammer
6369,jackhammer
6373,jackhammer
6383,jackhammer
6384,jackhammer
6385,jackhammer
6386,jackhammer
6388,jackhammer
6390,jackhammer
6391,jackhammer
6396,jackhammer
6397,jackhammer
6398,jackhammer
6399,jackhammer
6400,jackhammer
6401,jackhammer
6405,jackhammer
6406,jackhammer
6407,jackhammer
6410,jackhammer
6415,jackhammer
6419,jackhammer
6421,jackhammer
6425,jackhammer
6428,jackhammer
6429,jackhammer
6430,jackhammer
6433,jackhammer
6438,jackhammer
6439,jackhammer
6444,jackhammer
6447,jackhammer
6458,jackhammer
6465,jackhammer
6470,jackhammer
6471,jackhammer
6472,jackhammer
6476,jackhammer
6479,jackhammer
6481,jackhammer
6482,jackhammer
6485,jackhammer
6488,jackhammer
6489,jackhammer
6491,jackhammer
6492,jackhammer
6494,jackhammer
6495,jackhammer
6499,jackhammer
6501,jackhammer
6503,jackhammer
6504,jackhammer
6513,jackhammer
6514,jackhammer
6519,jackhammer
6525,jackhammer
6526,jackhammer
6532,jackhammer
6533,jackhammer
6538,jackhammer
6539,jackhammer
6540,jackhammer
6541,jackhammer
6545,jackhammer
6554,jackhammer
6561,jackhammer
6564,jackhammer
6567,jackhammer
6569,jackhammer
6571,jackhammer
6576,jackhammer
6577,jackhammer
6578,jackhammer
6581,jackhammer
6582,jackhammer
6584,jackhammer
6585,jackhammer
6586,jackhammer
6587,jackhammer
6588,jackhammer
6590,jackhammer
6591,jackhammer
6593,jackhammer
6594,jackhammer
6597,jackhammer
6598,jackhammer
6601,jackhammer
6605,jackhammer
6611,jackhammer
6612,jackhammer
6613,jackhammer
6615,jackhammer
6617,jackhammer
6622,jackhammer
6624,jackhammer
6625,jackhammer
6627,jackhammer
6632,jackhammer
6636,jackhammer
6639,jackhammer
6645,jackhammer
6646,jackhammer
6650,jackhammer
6657,jackhammer
6658,jackhammer
6663,jackhammer
6666,jackhammer
6669,jackhammer
6670,jackhammer
6672,jackhammer
6673,jackhammer
6675,jackhammer
6678,jackhammer
6680,jackhammer
6682,jackhammer
6684,jackhammer
6685,jackhammer
6686,jackhammer
6687,jackhammer
6688,jackhammer
6690,jackhammer
6695,jackhammer
6697,jackhammer
6699,jackhammer
6700,jackhammer
6701,jackhammer
6702,jackhammer
6704,jackhammer
6705,jackhammer
6706,jackhammer
6707,jackhammer
6709,jackhammer
6711,jackhammer
6713,jackhammer
6718,jackhammer
6720,jackhammer
6727,jackhammer
6733,jackhammer
6743,jackhammer
6744,jackhammer
6745,jackhammer
6751,jackhammer
6756,jackhammer
6758,jackhammer
6761,jackhammer
6762,jackhammer
6766,jackhammer
6776,jackhammer
6780,jackhammer
6784,jackhammer
6785,jackhammer
6787,jackhammer
6788,jackhammer
6789,jackhammer
6794,jackhammer
6795,jackhammer
6796,jackhammer
6798,jackhammer
6799,jackhammer
6801,jackhammer
6803,jackhammer
6805,jackhammer
6806,jackhammer
6807,jackhammer
6808,jackhammer
6809,jackhammer
6814,jackhammer
6825,jackhammer
6827,jackhammer
6828,jackhammer
6833,jackhammer
6834,jackhammer
6838,jackhammer
6842,jackhammer
6843,jackhammer
6845,jackhammer
6848,jackhammer
6849,jackhammer
6854,jackhammer
6858,jackhammer
6859,jackhammer
6861,jackhammer
6862,jackhammer
6863,jackhammer
6867,jackhammer
6868,jackhammer
6870,jackhammer
6873,jackhammer
6874,jackhammer
6876,jackhammer
6884,jackhammer
6885,jackhammer
6887,jackhammer
6890,jackhammer
6894,jackhammer
6897,jackhammer
6899,jackhammer
6904,jackhammer
6905,jackhammer
6913,jackhammer
6916,jackhammer
6917,jackhammer
6919,jackhammer
6921,jackhammer
6924,jackhammer
6927,jackhammer
6930,jackhammer
6936,jackhammer
6940,jackhammer
6941,jackhammer
6944,jackhammer
6950,jackhammer
6951,jackhammer
6952,jackhammer
6953,jackhammer
6957,jackhammer
6959,jackhammer
6960,jackhammer
6962,jackhammer
6964,jackhammer
6968,jackhammer
6972,jackhammer
6978,jackhammer
6980,jackhammer
6983,jackhammer
6987,jackhammer
6988,jackhammer
6989,jackhammer
6994,jackhammer
6995,jackhammer
6996,jackhammer
6997,jackhammer
7011,jackhammer
7021,jackhammer
7023,jackhammer
7024,jackhammer
7033,jackhammer
7034,jackhammer
7037,jackhammer
7038,jackhammer
7043,jackhammer
7044,jackhammer
7045,jackhammer
7047,jackhammer
7050,jackhammer
7056,jackhammer
7058,jackhammer
7071,jackhammer
7080,jackhammer
7089,jackhammer
7090,jackhammer
7092,jackhammer
7093,jackhammer
7097,jackhammer
7098,jackhammer
7099,jackhammer
7101,jackhammer
7102,jackhammer
7103,jackhammer
7104,jackhammer
7106,jackhammer
7117,jackhammer
7119,jackhammer
7120,jackhammer
7122,jackhammer
7123,jackhammer
7125,jackhammer
7127,jackhammer
7128,jackhammer
7130,jackhammer
7132,jackhammer
7134,jackhammer
7135,jackhammer
7139,jackhammer
7146,jackhammer
7147,jackhammer
7152,jackhammer
7158,jackhammer
7160,jackhammer
7164,jackhammer
7165,jackhammer
7166,jackhammer
7167,jackhammer
7168,jackhammer
7173,jackhammer
7181,jackhammer
7182,jackhammer
7183,jackhammer
7184,jackhammer
7186,jackhammer
7188,jackhammer
7189,jackhammer
7192,jackhammer
7193,jackhammer
7199,jackhammer
7208,jackhammer
7209,jackhammer
7210,jackhammer
7214,jackhammer
7219,jackhammer
7220,jackhammer
7225,jackhammer
7229,jackhammer
7230,jackhammer
7234,jackhammer
7236,jackhammer
7237,jackhammer
7238,jackhammer
7239,jackhammer
7243,jackhammer
7246,jackhammer
7248,jackhammer
7254,jackhammer
7255,jackhammer
7261,jackhammer
7266,jackhammer
7267,jackhammer
7268,jackhammer
7270,jackhammer
7271,jackhammer
7273,jackhammer
7276,jackhammer
7281,jackhammer
7282,jackhammer
7283,jackhammer
7286,jackhammer
7288,jackhammer
7289,jackhammer
7290,jackhammer
7291,jackhammer
7293,jackhammer
7295,jackhammer
7296,jackhammer
7299,jackhammer
7300,jackhammer
7301,jackhammer
7303,jackhammer
7304,jackhammer
7306,jackhammer
7308,jackhammer
7310,jackhammer
7312,jackhammer
7314,jackhammer
7317,jackhammer
7318,jackhammer
7324,jackhammer
7325,jackhammer
7327,jackhammer
7334,jackhammer
7335,jackhammer
7339,jackhammer
7341,jackhammer
7342,jackhammer
7348,jackhammer
7350,jackhammer
7351,jackhammer
7353,jackhammer
7355,jackhammer
7356,jackhammer
7357,jackhammer
7363,jackhammer
7365,jackhammer
7368,jackhammer
7371,jackhammer
7373,jackhammer
7390,jackhammer
7391,jackhammer
7393,jackhammer
7394,jackhammer
7395,jackhammer
7396,jackhammer
7397,jackhammer
7402,jackhammer
7406,jackhammer
7407,jackhammer
7411,jackhammer
7413,jackhammer
7415,jackhammer
7416,jackhammer
7420,jackhammer
7421,jackhammer
7422,jackhammer
7427,jackhammer
7428,jackhammer
7433,jackhammer
7434,jackhammer
7435,jackhammer
7438,jackhammer
7440,jackhammer
7441,jackhammer
7442,jackhammer
7444,jackhammer
7445,jackhammer
7453,jackhammer
7454,jackhammer
7461,jackhammer
7464,jackhammer
7466,jackhammer
7470,jackhammer
7473,jackhammer
7474,jackhammer
7477,jackhammer
7480,jackhammer
7481,jackhammer
7484,jackhammer
7485,jackhammer
7486,jackhammer
7487,jackhammer
7489,jackhammer
7491,jackhammer
7492,jackhammer
7496,jackhammer
7498,jackhammer
7502,jackhammer
7511,jackhammer
7512,jackhammer
7514,jackhammer
7515,jackhammer
7517,jackhammer
7526,jackhammer
7527,jackhammer
7533,jackhammer
7534,jackhammer
7535,jackhammer
7536,jackhammer
7537,jackhammer
7540,jackhammer
7544,jackhammer
7545,jackhammer
7546,jackhammer
7549,jackhammer
7551,jackhammer
7554,jackhammer
7555,jackhammer
7557,jackhammer
7559,jackhammer
7562,jackhammer
7564,jackhammer
7571,jackhammer
7572,jackhammer
7575,jackhammer
7583,jackhammer
7587,jackhammer
7588,jackhammer
7590,jackhammer
7591,jackhammer
7594,jackhammer
7603,jackhammer
7605,jackhammer
7606,jackhammer
7608,jackhammer
7615,jackhammer
7616,jackhammer
7621,jackhammer
7624,jackhammer
7627,jackhammer
7628,jackhammer
7630,jackhammer
7632,jackhammer
7635,jackhammer
7637,jackhammer
7640,jackhammer
7643,jackhammer
7647,jackhammer
7649,jackhammer
7652,jackhammer
7654,jackhammer
7658,jackhammer
7659,jackhammer
7660,jackhammer
7661,jackhammer
7662,jackhammer
7663,jackhammer
7666,jackhammer
7667,jackhammer
7668,jackhammer
7670,jackhammer
7676,jackhammer
7678,jackhammer
7684,jackhammer
7691,jackhammer
7692,jackhammer
7693,jackhammer
7695,jackhammer
7698,jackhammer
7701,jackhammer
7703,jackhammer
7704,jackhammer
7708,jackhammer
7709,jackhammer
7714,jackhammer
7716,jackhammer
7717,jackhammer
7719,jackhammer
7722,jackhammer
7728,jackhammer
7731,jackhammer
7732,jackhammer
7737,jackhammer
7741,jackhammer
7746,jackhammer
7749,jackhammer
7752,jackhammer
7753,jackhammer
7755,jackhammer
7757,jackhammer
7758,jackhammer
7760,jackhammer
7763,jackhammer
7764,jackhammer
7767,jackhammer
7771,jackhammer
7772,jackhammer
7773,jackhammer
7774,jackhammer
7778,jackhammer
7781,jackhammer
7782,jackhammer
7786,jackhammer
7789,jackhammer
7790,jackhammer
7793,jackhammer
7794,jackhammer
7797,jackhammer
7798,jackhammer
7799,jackhammer
7801,jackhammer
7803,jackhammer
7805,jackhammer
7808,jackhammer
7809,jackhammer
7811,jackhammer
7812,jackhammer
7815,jackhammer
7816,jackhammer
7820,jackhammer
7823,jackhammer
7832,jackhammer
7834,jackhammer
7840,jackhammer
7841,jackhammer
7847,jackhammer
7848,jackhammer
7849,jackhammer
7851,jackhammer
7852,jackhammer
7857,jackhammer
7859,jackhammer
7863,jackhammer
7864,jackhammer
7866,jackhammer
7877,jackhammer
7878,jackhammer
7884,jackhammer
7885,jackhammer
7886,jackhammer
7887,jackhammer
7888,jackhammer
7889,jackhammer
7894,jackhammer
7895,jackhammer
7902,jackhammer
7903,jackhammer
7905,jackhammer
7906,jackhammer
7907,jackhammer
7912,jackhammer
7913,jackhammer
7915,jackhammer
7921,jackhammer
7923,jackhammer
7924,jackhammer
7925,jackhammer
7926,jackhammer
7934,jackhammer
7937,jackhammer
7940,jackhammer
7945,jackhammer
7947,jackhammer
7948,jackhammer
7950,jackhammer
7953,jackhammer
7957,jackhammer
7958,jackhammer
7960,jackhammer
7962,jackhammer
7967,jackhammer
7968,jackhammer
7971,jackhammer
7972,jackhammer
7973,jackhammer
7974,jackhammer
7983,jackhammer
7984,jackhammer
7986,jackhammer
7987,jackhammer
7991,jackhammer
8001,jackhammer
8003,jackhammer
8005,jackhammer
8006,jackhammer
8007,jackhammer
8010,jackhammer
8011,jackhammer
8015,jackhammer
8017,jackhammer
8018,jackhammer
8019,jackhammer
8023,jackhammer
8026,jackhammer
8030,jackhammer
8031,jackhammer
8038,jackhammer
8039,jackhammer
8040,jackhammer
8041,jackhammer
8044,jackhammer
8045,jackhammer
8051,jackhammer
8054,jackhammer
8056,jackhammer
8059,jackhammer
8063,jackhammer
8065,jackhammer
8066,jackhammer
8070,jackhammer
8082,jackhammer
8083,jackhammer
8087,jackhammer
8089,jackhammer
8091,jackhammer
8094,jackhammer
8096,jackhammer
8098,jackhammer
8102,jackhammer
8107,jackhammer
8109,jackhammer
8112,jackhammer
8113,jackhammer
8115,jackhammer
8116,jackhammer
8117,jackhammer
8120,jackhammer
8121,jackhammer
8123,jackhammer
8124,jackhammer
8126,jackhammer
8129,jackhammer
8132,jackhammer
8134,jackhammer
8136,jackhammer
8138,jackhammer
8139,jackhammer
8141,jackhammer
8147,jackhammer
8149,jackhammer
8153,jackhammer
8157,jackhammer
8158,jackhammer
8159,jackhammer
8160,jackhammer
8162,jackhammer
8163,jackhammer
8164,jackhammer
8165,jackhammer
8169,jackhammer
8170,jackhammer
8175,jackhammer
8178,jackhammer
8179,jackhammer
8186,jackhammer
8196,jackhammer
8197,jackhammer
8198,jackhammer
8203,jackhammer
8204,jackhammer
8206,jackhammer
8207,jackhammer
8209,jackhammer
8212,jackhammer
8214,jackhammer
8218,jackhammer
8222,jackhammer
8223,jackhammer
8224,jackhammer
8225,jackhammer
8226,jackhammer
8230,jackhammer
8235,jackhammer
8237,jackhammer
8240,jackhammer
8242,jackhammer
8245,jackhammer
8248,jackhammer
8250,jackhammer
8254,jackhammer
8255,jackhammer
8256,jackhammer
8267,jackhammer
8269,jackhammer
8273,jackhammer
8275,jackhammer
8276,jackhammer
8278,jackhammer
8281,jackhammer
8284,jackhammer
8286,jackhammer
8288,jackhammer
8290,jackhammer
8291,jackhammer
8292,jackhammer
8295,jackhammer
8298,jackhammer
8301,jackhammer
8303,jackhammer
8304,jackhammer
8309,jackhammer
8312,jackhammer
8316,jackhammer
8319,jackhammer
8320,jackhammer
8321,jackhammer
8326,jackhammer
8328,jackhammer
8329,jackhammer
8331,jackhammer
8336,jackhammer
8339,jackhammer
8340,jackhammer
8341,jackhammer
8342,jackhammer
8343,jackhammer
8348,jackhammer
8349,jackhammer
8350,jackhammer
8355,jackhammer
8358,jackhammer
8359,jackhammer
8362,jackhammer
8363,jackhammer
8367,jackhammer
8371,jackhammer
8372,jackhammer
8373,jackhammer
8374,jackhammer
8375,jackhammer
8376,jackhammer
8379,jackhammer
8383,jackhammer
8385,jackhammer
8388,jackhammer
8389,jackhammer
8390,jackhammer
8394,jackhammer
8398,jackhammer
8400,jackhammer
8402,jackhammer
8404,jackhammer
8405,jackhammer
8408,jackhammer
8413,jackhammer
8414,jackhammer
8415,jackhammer
8418,jackhammer
8423,jackhammer
8426,jackhammer
8433,jackhammer
8436,jackhammer
8439,jackhammer
8451,jackhammer
8452,jackhammer
8454,jackhammer
8455,jackhammer
8456,jackhammer
8461,jackhammer
8463,jackhammer
8468,jackhammer
8478,jackhammer
8480,jackhammer
8481,jackhammer
8487,jackhammer
8488,jackhammer
8489,jackhammer
8490,jackhammer
8494,jackhammer
8495,jackhammer
8497,jackhammer
8504,jackhammer
8505,jackhammer
8506,jackhammer
8509,jackhammer
8516,jackhammer
8517,jackhammer
8521,jackhammer
8525,jackhammer
8528,jackhammer
8529,jackhammer
8530,jackhammer
8532,jackhammer
8533,jackhammer
8537,jackhammer
8541,jackhammer
8545,jackhammer
8548,jackhammer
8549,jackhammer
8550,jackhammer
8551,jackhammer
8554,jackhammer
8555,jackhammer
8556,jackhammer
8557,jackhammer
8559,jackhammer
8561,jackhammer
8563,jackhammer
8566,jackhammer
8567,jackhammer
8572,jackhammer
8573,jackhammer
8574,jackhammer
8576,jackhammer
8577,jackhammer
8583,jackhammer
8585,jackhammer
8591,jackhammer
8592,jackhammer
8593,jackhammer
8600,jackhammer
8601,jackhammer
8602,jackhammer
8606,jackhammer
8608,jackhammer
8619,jackhammer
8622,jackhammer
8623,jackhammer
8629,jackhammer
8631,jackhammer
8633,jackhammer
8634,jackhammer
8638,jackhammer
8642,jackhammer
8645,jackhammer
8647,jackhammer
8648,jackhammer
8652,jackhammer
8655,jackhammer
8661,jackhammer
8662,jackhammer
8668,jackhammer
8669,jackhammer
8671,jackhammer
8672,jackhammer
8674,jackhammer
8680,jackhammer
8683,jackhammer
8686,jackhammer
8687,jackhammer
8688,jackhammer
8689,jackhammer
8692,jackhammer
8696,jackhammer
8697,jackhammer
8698,jackhammer
8700,jackhammer
8702,jackhammer
8708,jackhammer
8718,jackhammer
8719,jackhammer
8730,jackhammer
8731,jackhammer
